,BFS,Dijkstra(1),Dijkstra(Haversine),Dijkstra(Euclidean),BellmanFord(1),BellmanFord(Haversine),BellmanFord(Euclidean),G_BFS(Haversine),G_BFS(Euclidean),"A_star(1, Euclidean)","A_star(1, Haversine)","A_star(Euclidean, Euclidean)","A_star(Euclidean, Haversine)","A_star(Haversine, Euclidean)","A_star(Haversine, Haversine)","bi_A_star(1, Euclidean)","bi_A_star(1, Haversine)","bi_A_star(Euclidean, Euclidean)","bi_A_star(Euclidean, Haversine)","bi_A_star(Haversine, Euclidean)","bi_A_star(Haversine, Haversine)"
0,44.25073364451361,44.25073364451361,44.091351319328176,44.091351319328176,26.0,44.091351319328176,0.5429804067656636,44.091351319328176,44.091351319328176,44.25073364451361,44.25073364451361,44.091351319328176,44.091351319328176,44.091351319328176,44.091351319328176,44.25073364451361,44.25073364451361,44.091351319328176,44.091351319328176,44.091351319328176,44.091351319328176
1,54.253423508496496,54.253423508496496,53.39034025358107,53.39034025358107,34.0,53.39034025358107,0.6608382789206083,54.772234236373464,65.04360372949418,54.253423508496496,54.253423508496496,53.39034025358107,53.39034025358107,65.04360372949418,53.39034025358107,54.253423508496496,54.253423508496496,53.39034025358107,53.39034025358107,53.39034025358107,53.39034025358107
2,32.70990062331524,32.70990062331524,32.70990062331524,32.70990062331524,27.0,32.70990062331524,0.3455118647427236,35.4753984913008,35.4753984913008,32.70990062331524,32.70990062331524,32.70990062331524,32.70990062331524,35.4753984913008,32.70990062331524,32.70990062331524,32.70990062331524,32.70990062331524,32.70990062331524,32.70990062331524,32.70990062331524
3,43.610121609212726,44.00556532144662,42.10779548711123,42.10779548711123,31.0,42.10779548711123,0.5763125732232403,42.51719726503697,42.51719726503697,44.00556532144662,44.68508461804103,42.10779548711123,42.10779548711123,42.51719726503697,42.10779548711123,43.610121609212726,43.610121609212726,42.10779548711123,42.10779548711123,42.12175355280308,42.10779548711123
4,22.70912403564003,22.70912403564003,20.090581011951123,20.09120523392809,15.0,20.090581011951123,0.22750729763715125,22.70912403564003,37.092028709588405,22.70912403564003,22.70912403564003,20.09120523392809,20.09120523392809,21.41810014146705,20.090581011951123,22.072525663333867,22.072525663333867,20.09120523392809,20.09120523392809,20.090581011951123,20.090581011951123
